"Position","Product Number","Product","Quantity","Percent of Quantity","Sale Amount","Percent of Sale Amount","Cost","Percent of Gross Profit"
1,"","SMIRNOFF nip",431,6,5603,4,702.1,87
2,"","Great Northern 3.5 PINT",303,4,3636,3,954,74
3,"","Carlton Dry PINT",287,4,3731,3,1081.29,71
4,"","HARD RATED Can",282,4,3384,2,1110.52,67
5,"","SWAN Draft PINT",277,4,3601,3,936.79,74
6,"","J/DANIELS & Cola Can",183,3,2562,2,899.81,65
7,"","HARD RATED PINT",160,2,2400,2,936.32,61
8,"","SMIRNOFF CRUSH Mango & Peach Can",146,2,2044,1,675.25,67
9,"","HAHN PINT",146,2,1752,1,713.79,59
10,"","SMIRNOFF + MOTHER",136,2,1904,1,221.54,88
11,"","150 Lashes PINT",133,2,1862,1,547.26,71
12,"","HAHN 3.5 PINT",130,2,1430,1,388.79,73
13,"","KRAKEN RUM nip",121,2,1573,1,299.23,81
14,"","STONE & WOOD Pacific PINT",120,2,1680,1,672.84,60
15,"","J/DANIELS & Cola Stubby",119,2,1666,1,628.08,62
16,"","BUNDY UP & Cola 4.6% Can",119,2,1428,1,489.33,66
17,"","EMU EXPORT C30",118,2,7640.82,6,226.98,97
18,"","Heineken PINT",98,1,1323,1,428.99,68
19,"","POSTMIX Pint",92,1,460,0,0,100
20,"","CAN CLUB & Dry 4.8% Stubby",91,1,1183,1,0,100
21,"","GORDONS Pink Gin Can",88,1,1232,1,329.91,73
22,"","XXXX Gold PINT",88,1,968,1,235.75,76
23,"","EMU EXPORT Can",82,1,738,1,157.74,79
24,"","J/SQUIRE Ginger Beer PINT",80,1,1200,1,388.28,68
25,"","CORONA Stubby",72,1,792,1,422.06,47
26,"","KIRIN Hyoketsu 4% Pint",71,1,994,1,320.92,68
27,"","TEQUILA SUNRISE",64,1,960,1,104.26,89
28,"","J/DANIELS nip",62,1,806,1,128.77,84
29,"","GREAT NORTHERN 3.5 Can",53,1,530,0,116.39,78
30,"","J/DANIELS Double & cola Can",46,1,828,1,283.5,66
31,"","CAPT MORGAN Spiced Gold nip",46,1,552,0,84.13,85
32,"","LLB Pint",46,1,276,0,0,100
33,"","CORONA S12",44,1,1467.94,1,2530.59,-72
34,"","COKE 2L",44,1,395.56,0,172.49,56
35,"","HARD RATED ZERO Lemon Lime Can",44,1,528,0,173.27,67
36,"","LEMON, LIME & BITTERS",42,1,0,0,0,0
37,"","GREAT NORTHERN Original Stubby",41,1,410,0,105.62,74
38,"","GOOD TIDES Raspberry Can",39,1,507,0,165.44,67
39,"","BEACH DAYS SSB S1",38,1,333.75,0,121.42,64
40,"","GREAT NORTHERN 3.5 C30",36,1,2663.64,2,79.06,97
41,"","WILD TURKEY nip",35,0,490,0,81.73,83
42,"","MALIBU nip",32,0,384,0,41.79,89
43,"","JAGERMEISTER nip",31,0,372,0,63.21,83
44,"","GOOD TIDES Lime Can",31,0,403,0,131.5,67
45,"","HEINEKEN 0.0 STUBBY",30,0,210,0,57.12,73
46,"","EL JIMADOR Blanco nip",29,0,377,0,61,84
47,"","CARLTON DRY Stubby",29,0,240.98,0,66.82,72
48,"","J/DANIELS & Cola Zero Can",28,0,392,0,137.68,65
49,"","JIM BEAM & Cola 4.8% Can",27,0,324,0,107.65,67
50,"","JIM BEAM 1L",25,0,1969.75,1,1746.43,11
51,"","JIM BEAM 700ML",24,0,1103.76,1,1038.69,6
52,"","SOMERSBY Cider Pear Stubby",24,0,240,0,65.64,73
53,"","WHITE CLAW Mango 4.5% Can",23,0,345,0,88.55,74
54,"","J/DANIELS 1L",22,0,1807.78,1,1394.27,23
55,"","COKE 1.25L",22,0,143,0,57.94,59
56,"","WHITE CLAW Lime 4.5% Can",22,0,330,0,89.21,73
57,"","CAPT MORGAN & Cola 6% Can",22,0,308,0,106.66,65
58,"","MATSOS Ginger Beer Stubby",22,0,264,0,72.23,73
59,"","JAMESON IRISH WHISKY nip",21,0,273,0,51.62,81
60,"","CAN CLUB & Dry 4.8% Can",21,0,273,0,83.83,69
61,"","SUNTORY 196 Lemon 6% Can",20,0,260,0,93.38,64
62,"","XXXX GOLD C30",20,0,1449.8,1,37.48,97
63,"","CARLTON DRY S24",20,0,1303.8,1,46.08,96
64,"","J/DANIELS & Cola 4.8% C10",19,0,1234.81,1,844.19,32
65,"","BUNDY Up nip",19,0,228,0,34.75,85
66,"","YELLOWTAIL SSB 187ml S1",19,0,228,0,52.04,77
67,"","MAKERS MARK nip",19,0,266,0,44.65,83
68,"","J/DANIELS & Cola 4.8% C24",19,0,2621.81,2,93.42,96
69,"","GREAT NORTHERN 3.5 C6",18,0,395.82,0,237.17,40
70,"","CARLTON DRY C6",18,0,431.82,0,255.42,41
71,"","YELLOWTAIL Cab Sauv 187ml S1",17,0,204,0,47.46,77
72,"","GREY GOOSE nip",17,0,255,0,47.36,81
73,"","JAGERBOMB",17,0,238,0,27.69,88
74,"","GREAT NORTHERN Original CAN",17,0,170,0,38.96,77
75,"","JIM BEAM & Cola 4.8% Zero Can",16,0,192,0,63.79,67
76,"","JOSE CUERVO Silver nip",16,0,208,0,38.42,82
77,"","GORDONS Gin nip",16,0,192,0,38.91,80
78,"","SMIRNOFF Red 1L",16,0,1023.84,1,878.82,14
79,"","JIM BEAM nip",15,0,195,0,27.26,86
80,"","CARLTON DRY S6",15,0,344.85,0,207.36,40
81,"","HAHN 3.5 C30",15,0,1009.85,1,29.34,97
82,"","SOMERSBY Cider Apple Stubby",15,0,150,0,41.03,73
83,"","GREAT NORTHERN 3.5 Stubby",15,0,120,0,37.97,68
84,"","GUINNESS Can",14,0,168,0,48.85,71
85,"","GALLIANO Black Sambuca Nip",14,0,168,0,31.01,82
86,"","GREAT NORTHERN Original C30",14,0,1030.86,1,32.09,97
87,"","Great Northern 3.5 JUG",14,0,336,0,131.47,61
88,"","SWAN Draft MIDDY",13,0,91,0,21.99,76
89,"","J/DANIELS & Cola 4.8% C4",13,0,389.87,0,255.68,34
90,"","BB Prosecco 200Ml Btl",13,0,156,0,52.27,66
91,"","POSTMIX Middy",13,0,52,0,0,100
92,"","GORDONS Pink Gin Stubby",13,0,182,0,60.31,67
93,"","J/DANIELS 700ML",12,0,781.88,1,614.52,21
94,"","POSTMIX Schooner",12,0,54,0,0,100
95,"","HEINEKEN Stubby",12,0,120,0,29.27,76
96,"","HAHN 3.5 SCHOONER",12,0,96,0,26.78,72
97,"","Great Northern 3.5 MIDDY",11,0,71.5,0,17.32,76
98,"","HAHN Super Dry C30",11,0,821.89,1,22.14,97
99,"","J/DANIELS Double & Cola C4",11,0,406.89,0,271.17,33
100,"","SMIRNOFF Red 700Ml",11,0,579.89,0,465.46,20
101,"","GOOD TIDES Passionfruit Can",11,0,143,0,46.66,67
102,"","LEM, LIME & BITT + Smirnoff",11,0,165,0,17.92,89
103,"","HARD RATED C4",10,0,269.9,0,157.52,42
104,"","CARLTON DRY 3.5 C6",10,0,199.9,0,104.11,48
105,"","CRUISER Lush Guava Stubby",10,0,130,0,37.57,71
106,"","VB Can",10,0,90,0,22.24,75
107,"","J/WALKER Red nip",9,0,117,0,15.36,87
108,"","JAMESON IRISH WHISKY 1L",9,0,730.91,1,574.81,21
109,"","HARD RATED C10",9,0,449.91,0,345.46,23
110,"","JAMESON Dry & Lime 6.3% Can",9,0,126,0,47.51,62
111,"","KIRIN HYOKETSU Pineapple Can",9,0,126,0,38.01,70
112,"","WILD TURKEY Rare & Cola C10",9,0,719.91,1,511.18,29
113,"","XXXX GOLD C6",9,0,179.91,0,101.2,44
114,"","Gentleman Jack nip",9,0,126,0,21.74,83
115,"","Great Northern 3.5 SCHOONER",8,0,80,0,18.78,77
116,"","GREAT NORTHERN 3.5 S24",8,0,500.92,0,20.25,96
117,"","XXXX GOLD C1",8,0,39.92,0,15.08,62
118,"","KIRIN HYOKETSU Mandarin C4",8,0,223.92,0,135.14,40
119,"","CRUISER DBL Lemon Lime 6.8% Can",8,0,120,0,40.18,67
120,"","MILLERS Chill Lime Stubby",8,0,80,0,19.42,76
121,"","SMIRNOFF ICE DB Rasp Crush 6.5% Can",8,0,128,0,41.52,68
122,"","JACOBS CREEK Sauv Blanc S1",8,0,79.92,0,51.72,35
123,"","CARLTON DRY C30",8,0,663.92,0,18.92,97
124,"","PURE BLONDE Stubby",8,0,80,0,22.31,72
125,"","JACOBS CREEK Merlot 750ml S1",8,0,79.92,0,51.71,35
126,"","SWAN Draft JUG",8,0,208,0,80.53,61
127,"","CORONA S24",8,0,623.92,0,12219.59,-1859
128,"","J/DANIELS Double & cola Zero Can",8,0,140,0,49.3,65
129,"","GOOD TIDES Mixed C10",7,0,393.93,0,241.59,39
130,"","BETTER BEER C24",7,0,447.93,0,18.64,96
131,"","JACOBS CREEK SSB S1",7,0,69.93,0,45.25,35
132,"","BUNDY Up 1L",7,0,482.93,0,405.87,16
133,"","CAN CLUB & Cola 4.8% Stubby",7,0,91,0,0,100
134,"","PERONI NASTRO 3.5 S6",7,0,160.93,0,90.17,44
135,"","JACOBS CREEK Chardonnay S1",7,0,69.93,0,45.26,35
136,"","CARLTON DRY Can",7,0,63,0,16.56,74
137,"","GUINNESS C6",7,0,237.93,0,146.57,38
138,"","Carlton Dry MIDDY",7,0,52.5,0,13.07,75
139,"","GREAT NORTHERN Original S24",7,0,482.93,0,18.03,96
140,"","KIRIN HYOKETSU Green Apple Can",7,0,98,0,29.56,70
141,"","Little Creatures ROGERS 330ML S6",7,0,181.93,0,108.69,40
142,"","Carlton Dry SCHOONER",7,0,84,0,19.49,77
143,"","EMU EXPORT C6",7,0,146.93,0,80.79,45
144,"","CAPT MORGAN & Cola 6% C10",7,0,423.93,0,316.59,25
145,"","HAHN Ultra Low Carb Stubby",7,0,70,0,17.24,75
146,"","SMIRNOFF DB Guarana 250ml Can",6,0,96,0,35.17,63
147,"","SMIRNOFF CRUSH Lemon & Lime Can",6,0,84,0,27.75,67
148,"","MAKERS MARK 46 nip",6,0,90,0,17.36,81
149,"","XXXX Gold SCHOONER",6,0,54,0,11.98,78
150,"","BB Cienna S1",6,0,95.94,0,73.08,24
151,"","YELLOWTAIL Pinot Grigio 187ml S1",6,0,72,0,16.14,78
152,"","WILD TURKEY 81 Proof 1L",6,0,505.94,0,364.14,28
153,"","WILD TURKEY & Cola 101 C10",6,0,425.94,0,297.68,30
154,"","SMIRNOFF CRUSH Passion & Guava Can",6,0,84,0,27.75,67
155,"","BACARDI nip",6,0,72,0,12.79,82
156,"","HAHN 3.5 C6",6,0,113.94,0,70.45,38
157,"","JIM BEAM & Cola 4.8% Stubby",6,0,78,0,23.92,69
158,"","J/DANIELS & Dry Can",6,0,84,0,29.5,65
159,"","JACOBS CREEK Merlot 187Ml S1",6,0,72,0,13.95,81
160,"","ASAHI SD 5% Stubby",6,0,60,0,13.76,77
161,"","SPRITE C1",6,0,24,0,7.4,69
162,"","CARLTON DRAUGHT S6",6,0,167.94,0,100.01,40
163,"","BUNDY & Cola Zero 4.6% C10",5,0,262.95,0,204.12,22
164,"","PURE BLONDE Cider Stubby",5,0,50,0,14.04,72
165,"","CRUISER SF Mix Berry Stubby",5,0,50,0,18.79,62
166,"","GENTLEMAN JACK 700ML",5,0,314.95,0,277.53,12
167,"","HAHN Gluten Free Stubby",5,0,50,0,11.9,76
168,"","Mt FRANKLIN 1.5L S1",5,0,30,0,11.02,63
169,"","J/DANIELS & Cola Zero 4.8% C10",5,0,324.95,0,220.98,32
170,"","KILKENNY Can",5,0,60,0,17.24,71
171,"","ASAHI SD 5% S24",5,0,364.95,0,250.86,31
172,"","J/DANIELS American Serve 10% C10",5,0,369.95,0,276,25
173,"","COOPERS Pale Ale C6",5,0,124.95,0,80.58,36
174,"","SKYY Vodka 700Ml",5,0,234.95,0,199.69,15
175,"","GORDONS 1L",5,0,352.95,0,288.14,18
176,"","JAMESON Dry & Lime 6.3% C10",5,0,284.95,0,220.43,23
177,"","WILD TURKEY Rare & Cola C4",5,0,184.95,0,137.08,26
178,"","SOUTHERN COMFORT nip",5,0,60,0,8.3,86
179,"","BUNDY & Cola 8% C4",5,0,174.95,0,99.5,43
180,"","APPLE JUICE",5,0,0,0,0,0
181,"","SMIRNOFF ICE DB 6.5% Can",5,0,80,0,25.95,68
182,"","CRUISER DBL Raspberry 6.8% C4",5,0,154.95,0,100.44,35
183,"","UDL Orange Can",5,0,60,0,19.62,67
184,"","STRONGBOW Low Carb Stubby",5,0,50,0,10.82,78
185,"","WILD TURKEY & Cola 101 Stubby",5,0,75,0,30.24,60
186,"","SUNTORY 196 Lemon 6% C4",5,0,142.96,0,93.38,35
187,"","COKE C1",5,0,20,0,6.16,69
188,"","XXXX GOLD Can",5,0,40,0,9.37,77
189,"","COKE ZERO 1.25L",4,0,26,0,10.53,59
190,"","J/DANIELS & Lemonade Can",4,0,56,0,19.67,65
191,"","PERONI NASTRO S6",4,0,99.96,0,70.73,29
192,"","J/DANIELS Double & Cola Zero C4",4,0,147.96,0,98.61,33
193,"","UDL Passionfruit C6",4,0,139.96,0,94.16,33
194,"","HARD RATED CUBE C30",4,0,547.96,0,399.68,27
195,"","GORDONS Pink Gin nip",4,0,52,0,9.2,82
196,"","PEPPERJACK Malbec S1",4,0,75.96,0,58.97,22
197,"","J/WALKER Black nip",4,0,56,0,9.03,84
198,"","JIM BEAM & Cola 4.8% Zero C1",4,0,28,0,15.97,43
199,"","GAGE ROADS Single Fin S6",4,0,99.96,0,67.32,33
200,"","CRUISER Zesty Lemon Lime Stubby",4,0,40,0,15.03,62
201,"","HAHN 3.5 S24",4,0,271.96,0,8.94,97
202,"","J/SQUIRE Ginger Beer SCHOONER",4,0,52,0,14.45,72
203,"","Carlton Dry JUG",4,0,104,0,45.52,56
204,"","SOMERSBY Cider Apple C10",4,0,125.96,0,86,32
205,"","CARLTON DRY 3.5 C30",4,0,267.96,0,192.58,28
206,"","Apple Juice Middy",4,0,16,0,0,100
207,"","GREAT NORTHERN 3.5 S6",4,0,103.96,0,60.74,42
208,"","J/DANIELS Double & Cola S4",4,0,143.96,0,98.61,32
209,"","JIM BEAM & Cola 4.8% C10",4,0,194.96,0,152.1,22
210,"","CRUISER Mixed S10",4,0,207.96,0,138.37,33
211,"","J/DANIELS Apple nip",4,0,52,0,8.92,83
212,"","CRUISER DBL Passionfruit 6.8% C4",4,0,123.96,0,80.35,35
213,"","J/DANIELS Double & Cola C10",4,0,275.96,0,209.06,24
214,"","HAHN Super Dry C6",4,0,87.96,0,48.31,45
215,"","CRUISER Sour Grape Stubby",4,0,52,0,15.03,71
216,"","HARD RATED ZERO Lemon Lime C4",4,0,107.96,0,63.01,42
217,"","SQUEALING PIG Sauv Blanc S1",4,0,68.96,0,49.69,28
218,"","WHITE CLAW Mango 4.5% C4",4,0,105.98,0,71.74,32
219,"","GOOD TIDES Lime C4",4,0,103.98,0,67.87,35
220,"","J/DANIELS Double & Cola Zero C10",4,0,275.96,0,208.2,25
221,"","HEINEKEN S6",4,0,99.96,0,58.54,41
222,"","COOPERS Sparkling C6",4,0,107.96,0,61.46,43
223,"","SMIRNOFF CRUSH Mango & Peach C4",4,0,115.96,0,94.15,19
224,"","BEACH DAYS Moscato Pink S1",4,0,27.96,0,13.92,50
225,"","SMIRNOFF ICE DB Zero 6.5% Can",4,0,64,0,20.76,68
226,"","FIREBALL nip",4,0,52,0,8.48,84
227,"","MILES FROM NOWHERE Sauv Blanc S1",4,0,62.96,0,39.08,38
228,"","J/WALKER Red 1L",4,0,275.96,0,237.5,14
229,"","Little Creatures ELSIE Stubby",4,0,36,0,9.92,72
230,"","ABSOLUT 700ML",4,0,211.96,0,180.44,15
231,"","STONE & WOOD Pacific MIDDY",4,0,32,0,11.22,65
232,"","UDL SF Mixed Berry Can",4,0,48,0,15.69,67
233,"","WILD TURKEY Rare & Cola S4",4,0,147.96,0,109.66,26
234,"","HOUGHTON Cab Shiraz Merlot S1",4,0,43.96,0,30.79,30
235,"","GREAT NORTHERN Original S6",4,0,103.96,0,61.82,41
236,"","GOUNDREY Homestead Sauv Blanc S1",4,0,71.96,0,43.59,39
237,"","POSTMIX Jug",4,0,40,0,0,100
238,"","FRANGELICO Liqueur nip",4,0,48,0,6.8,86
239,"","SUNTORY 196 Peach 6% Can",4,0,52,0,18.68,64
240,"","WILD TURKEY & Cola 101 Can",4,0,60,0,24.19,60
241,"","HAHN SCHOONER",3,0,27,0,10.94,60
242,"","BB Moscato Rosa S1",3,0,47.97,0,35.83,25
243,"","WHITE CLAW Raspberry 4.5% Can",3,0,45,0,13.45,70
244,"","BUNDY OP nip",3,0,45,0,8.04,82
245,"","KIRIN HYOKETSU Lemon Can",3,0,42,0,12.67,70
246,"","GAGE ROADS Single Fin C24",3,0,218.97,0,8.42,96
247,"","PIPER HEIDSIECK Cuvee Brut S1",3,0,197.97,0,159.51,19
248,"","HAHN JUG",3,0,72,0,43.74,39
249,"","CAN CLUB & Cola 4.8% Can",3,0,39,0,0,100
250,"","MERCURY Hard Cider Blackcurrant C6",3,0,77.97,0,54.59,30
251,"","CRUISER Wild Raspberry S4",3,0,71.97,0,45.08,37
252,"","SUNTORY 196 Lemon 9% C4",3,0,80.97,0,55.21,32
253,"","STRONGBOW Sweet Stubby",3,0,30,0,6.49,78
254,"","5 SEEDS Cloudy S6",3,0,68.97,0,42.76,38
255,"","GORDONS Pink Gin C4",3,0,71.97,0,44.99,37
256,"","BULMERS Stubby",3,0,30,0,9.33,69
257,"","CRUISER DBL Vanilla Cola 6.8% C4",3,0,92.97,0,60.26,35
258,"","CAPT MORGAN & Cola 6% C4",3,0,92.97,0,62.78,32
259,"","SWAN Draft SCHOONER",3,0,30,0,7.57,75
260,"","WILD TURKEY Rare & Cola S1",3,0,39,0,20.62,47
261,"","BUNDY & Cola Zero 4.6% C6",3,0,110.97,0,74.02,33
262,"","TRAVLA 3.5 C6",3,0,65.97,0,44.14,33
263,"","SPRITE 1.25L",3,0,19.5,0,7.9,60
264,"","WOLF BLASS Red Label Shiraz S1",3,0,23.97,0,17.23,28
265,"","SMIRNOFF CRUSH Orange & Pineapple C4",3,0,86.97,0,70.61,19
266,"","CRUISER DBL Guava 6.8% C4",3,0,92.97,0,60.26,35
267,"","BUNDY Campfire 8% C4",3,0,101.97,0,67.69,34
268,"","GALLIANO Amaretto nip",3,0,39,0,6.86,82
269,"","WEST CAPE HOWE SSB S1",3,0,56.97,0,34.49,39
270,"","JIM BEAM & Cola 4.8% S4",3,0,71.97,0,47.6,34
271,"","Heineken MIDDY",3,0,24,0,6.56,73
272,"","KIRKS SODA Water btl 1.25L S1",3,0,19.5,0,7.9,60
273,"","JIM BEAM & Cola 4.8% S1",3,0,24,0,13.34,44
274,"","SOMERSBY Cider Pear C10",3,0,92.97,0,64.5,31
275,"","MAGNERS Cider 330ML Stubby",3,0,27,0,7.43,72
276,"","J/DANIELS American Serve 10% C4",3,0,116.97,0,79.1,32
277,"","UDL Raspberry CAN",3,0,36,0,11.77,67
278,"","VB S6",3,0,80.97,0,48.49,40
279,"","UDL Passionfruit Can",3,0,36,0,11.77,67
280,"","WOLF BLASS Red Label Cab Merlot S1",3,0,23.97,0,19.7,18
281,"","PEPPERJACK Shiraz 750ml S1",3,0,56.97,0,50.09,12
282,"","OYSTER BAY Sauv Blanc S1",3,0,64.97,0,40.81,37
283,"","CRUISER Pure Pineapple S4",3,0,71.97,0,45.08,37
284,"","BB Moscato S1",3,0,52.97,0,35.83,32
285,"","SWAN Draught S24",3,0,212.97,0,7.46,96
286,"","5 SEEDS Crisp Stubby",3,0,27,0,7.15,74
287,"","J/DANIELS & Cola Zero 4.8% C4",3,0,89.97,0,59,34
288,"","Mother Top Up",3,0,6,0,0,100
289,"","HAHN Super Dry S24",3,0,209.97,0,7.39,96
290,"","BAILEYS 700ML",3,0,122.97,0,103.43,16
291,"","HARD RATED 6% C4",3,0,80.97,0,55.69,31
292,"","BUNDY OP & Cola 6% C6",3,0,137.97,0,91.25,34
293,"","KILARNI Mclaren Vale GSM S1",3,0,48,0,27.78,42
294,"","MATSOS NIGHTLIFE G/Beer 6% C4",3,0,83.97,0,53.7,36
295,"","COOPERS Mild C6",3,0,62.97,0,39.29,38
296,"","HOUGHTON Premium Cab Sauv S1",3,0,71.97,0,40.49,44
297,"","BEARDED LADY 12% C4",3,0,131.97,0,80.01,39
298,"","BUNDY UP & Cola 4.6% C6",3,0,110.97,0,74.02,33
299,"","COOPERS Mild S6",3,0,62.97,0,39.29,38
300,"","CRUISER Lush Guava S4",3,0,65.99,0,45.08,32
301,"","VB C30",3,0,235.97,0,6.67,97
302,"","LLB Schooner",3,0,15,0,0,100
303,"","HEINEKEN Silver S24",3,0,176.97,0,6.96,96
304,"","KIRIN HYOKETSU Lemon C4",3,0,77.99,0,50.68,35
305,"","SMIRNOFF DB Guarana 250ml C4",3,0,98.97,0,70.34,29
306,"","STONE & WOOD Pacific Ale S6",2,0,59.98,0,35.81,40
307,"","COKE 330ml S1",2,0,12,0,3.97,67
308,"","SMIRNOFF Crush Mix C10",2,0,135.98,0,106.37,22
309,"","CHIVAS REGAL nip",2,0,26,0,4.53,83
310,"","GRANTS SCOTCH 700ML",2,0,95.98,0,80.91,16
311,"","REKORD Cider STRAW/LIME 330ML S4",2,0,47.98,0,32.29,33
312,"","WHITE CLAW Raspberry 4.5% C4",2,0,50,0,35.87,28
313,"","HARD RATED ZERO Lemon Lime C24",2,0,249.98,0,7.88,97
314,"","CAN CLUB & Dry 4.8% Zero C10",2,0,113.98,0,78.01,32
315,"","BROOKVALE Vodka Passionfruit C6",2,0,71.98,0,50.33,30
316,"","BOMBAY G&T S4",2,0,59.98,0,42.72,29
317,"","SMIRNOFF CRUSH Mango & Peach Zero C4",2,0,57.98,0,47.07,19
318,"","STELLA ARTOIS S6",2,0,43.98,0,26.1,41
319,"","PEPPERJACK Chardonnay S1",2,0,37.98,0,31.61,17
320,"","CARLTON MID C6",2,0,39.98,0,22.04,45
321,"","SMIRNOFF CRUSH Passion & Guava C4",2,0,57.98,0,47.07,19
322,"","FIFTH LEG Red Blend S1",2,0,31.98,0,17.37,46
323,"","JAMESON Raw & Cola 6.3% C10",2,0,113.98,0,88.17,23
324,"","GAGE ROADS Huey S6",2,0,43.98,0,23.67,46
325,"","MATSOS VDK LEM LME C4",2,0,47.98,0,29.5,39
326,"","EMU BITTER C30",2,0,137.98,0,4.18,97
327,"","FANTA C1",2,0,8,0,2.47,69
328,"","PINEAPPLE JUICE",2,0,0,0,0,0
329,"","JIM BEAM Black Double Serve C10",2,0,143.98,0,100,31
330,"","GOOD TIDES Raspberry C4",2,0,55.98,0,33.94,39
331,"","BUFFALO TRACE Bourbon 700ML",2,0,121.98,0,102.69,16
332,"","CRUISER DBL Lemon Lime 6.8% C4",2,0,61.98,0,40.18,35
333,"","KRAKEN Rum & Cola C4",2,0,61.98,0,42.2,32
334,"","BEEFEATER Pink 700ML",2,0,117.98,0,88.49,25
335,"","JAGERMEISTER 700Ml",2,0,109.98,0,92.27,16
336,"","GRANTS SCOTCH 1L",2,0,155.98,0,110.22,29
337,"","ROB OATLEY SIGN YV Pinot Noir S1",2,0,46.98,0,33.37,29
338,"","CAN CLUB & Dry PREM 6% C6",2,0,85.98,0,57.29,33
339,"","HAHN 3.5 Stubby",2,0,18,0,4.47,75
340,"","CAPT MORGAN Black Spiced nip",2,0,26,0,4.3,83
341,"","HAHN Super Dry C10",2,0,71.98,0,44.43,38
342,"","HARD RATED Zero C4",2,0,53.98,0,31.5,42
343,"","GAGE ROADS Single Fin Stubby",2,0,22,0,5.61,75
344,"","CRUISER SF Pineapple C4",2,0,42,0,30.06,28
345,"","EVANS & TATE Classic SSB S1",2,0,31.98,0,18.2,43
346,"","STELLA ARTOIS S24",2,0,127.98,0,4.35,97
347,"","JACOBS CREEK Reserve Cab Sauv S1",2,0,27,0,19.67,27
348,"","AMBERLEY S/LANE SSB S1",2,0,35.98,0,27.64,23
349,"","SKYY Vodka 1L",2,0,139.98,0,109.18,22
350,"","GREY GOOSE 700ML",2,0,159.98,0,126.92,21
351,"","CAPT MORGAN LONG ICED TEA C4",2,0,57.98,0,39.6,32
352,"","COOPERS Mild C24",2,0,131.98,0,4.37,97
353,"","CRUISER DBL Vanilla Cola 6.8% Can",2,0,30,0,10.04,67
354,"","CAN CLUB & Dry 4.8% S4",2,0,53.98,0,34.62,36
355,"","J/DANIELS Bonded nip",2,0,34,0,6.23,82
356,"","PURE BLONDE Cider S6",2,0,51.98,0,33.7,35
357,"","J/DANIELS American Serve 10% C1",2,0,25.98,0,13.18,49
358,"","HAHN Gluten Free S24",2,0,145.98,0,4.76,97
359,"","BUNDY Up 700ML",2,0,105.98,0,88.02,17
360,"","XXXX Gold MIDDY",2,0,14,0,2.68,81
361,"","WHITE CLAW Variety Pack C10",2,0,113.98,0,75,34
362,"","CRUISER Wild Raspberry Stubby",2,0,20,0,7.51,62
363,"","SIERRA Blanco 1L",2,0,173.98,0,140.68,19
364,"","HEINEKEN 0.0 S6",2,0,41.98,0,22.85,46
365,"","MERCURY Hard Cider C6",2,0,55.98,0,36.4,35
366,"","UDL Lime & Soda C6",2,0,69.98,0,47.08,33
367,"","COOPERS Pale Ale S24",2,0,145.98,0,5.37,96
368,"","BOMBAY SAPPHIRE nip",2,0,26,0,4.98,81
369,"","BETTER BEER C10",2,0,69.98,0,4.52,94
370,"","KIRKS Ginger Ale btl 1.25L S1",2,0,13,0,5.27,60
371,"","VASSE FELIX Classic Dry White S1",2,0,41.98,0,24.95,41
372,"","HAHN Gluten Free S6",2,0,45.98,0,28.56,38
373,"","BLACK DOUGLAS nip",2,0,26,0,3.85,85
374,"","JIM BEAM Black Double Serve C4",2,0,69.98,0,47.04,33
375,"","HAHN 3.5 JUG",2,0,44,0,17.86,59
376,"","Pineapple Juice Pint",2,0,12,0,0,100
377,"","SWAN Draught C6",2,0,49.98,0,29.82,40
378,"","HEINEKEN 0.0 S1",2,0,9.98,0,3.51,65
379,"","MILLERS Chill Lime S24",2,0,121.98,0,5.17,96
380,"","BEARDED LADY Bourbon 700ML",2,0,111.98,0,85.57,24
381,"","CARLTON DRAUGHT S24",2,0,145.98,0,5.56,96
382,"","IRON JACK MID C30",2,0,139.98,0,4.76,97
383,"","STRONGBOW Low Carb S24",2,0,117.98,0,4.33,96
384,"","WHITE CLAW Watermelon 4.5% C4",2,0,55.98,0,35.87,36
385,"","MOUNTAIN GOAT Lager C1",2,0,11.98,0,4.63,61
386,"","PIRATE LIFE South Coast Pale Ale C4",2,0,41.98,0,27.52,34
387,"","JAMESON Dry & Lime 6.3% C4",2,0,59.98,0,42.23,30
388,"","CAPT MORGAN Spiced Gold 1L",2,0,145.98,0,118.56,19
389,"","CRUISER DBL Passionfruit 6.8% C1",2,0,18,0,10.12,44
390,"","CAN CLUB nip",2,0,26,0,3.67,86
391,"","WILD TURKEY & Cola 4.8% C1",2,0,21.98,0,10.23,53
392,"","BUNDY UP & Cola 4.6% C24 CUBE",2,0,225.98,0,7.7,97
393,"","CORONA S6",2,0,55.98,0,70.34,-26
394,"","KRAKEN RUM 700ML",2,0,149.98,0,109,27
395,"","XXXX Gold JUG",2,0,44,0,15.94,64
396,"","SMIRNOFF CRUSH Lemon & Lime C4",2,0,57.98,0,47.07,19
397,"","SMIRNOFF DB Zero 6.5% 375ml C1",2,0,14.99,0,9.81,35
398,"","J/WALKER & Cola 4.6% C6",2,0,73.98,0,49.34,33
399,"","WOLF BLASS Red Label SSB S1",2,0,15.98,0,13.13,18
400,"","CARLTON DRY 3.5 S24",2,0,125.98,0,4.18,97
401,"","MAKERS MARK 700Ml",2,0,145.98,0,111.5,24
402,"","GREAT NORTHERN 3.5 C10",1,0,31.99,0,21.25,34
403,"","WYNNS Coonawarra Siding Cab Sauv S1",1,0,20.99,0,13.39,36
404,"","LLB Middy",1,0,4,0,0,100
405,"","COOPERS Sparkling C24",1,0,75.99,0,2.56,97
406,"","BUNDY UP & Cola 4.6% S6",1,0,35.99,0,25.25,30
407,"","GAGE ROADS Single Fin C6",1,0,24.99,0,16.83,33
408,"","BROOKVALE Ginger Beer 330ML C6",1,0,30.99,0,25.16,19
409,"","SOMERSBY Cider Crisp Apple Stubby",1,0,10,0,2.74,73
410,"","19 CRIMES Snoop Cali Red S1",1,0,19.99,0,11.57,42
411,"","SAPPORO S6",1,0,20.99,0,13.52,36
412,"","WHITE CLAW Watermelon 4.5% Can",1,0,15,0,4.05,73
413,"","ASAHI SD 5% C10",1,0,32,0,24.26,24
414,"","COKE Zero C1",1,0,4,0,1.23,69
415,"","FIREBALL 700ML",1,0,61.99,0,42.81,31
416,"","WILD TURKEY & Cola 4.8% Can",1,0,13,0,5.16,60
417,"","MOTHER 500ml C1",1,0,6,0,2.25,63
418,"","XXXX ULTRA S6",1,0,19.99,0,10.9,45
419,"","Little Creatures CASCAD NIGHTS C4",1,0,23.99,0,15.05,37
420,"","TAYLORS EST Shiraz S1",1,0,20.99,0,12.28,41
421,"","J/SQUIRE Spiced Rum & G/Beer C4",1,0,28.99,0,17.33,40
422,"","WILD TURKEY & Cola 4.8% C4",1,0,30.99,0,15.44,50
423,"","KRAKEN RUM 1L",1,0,105.99,0,76.93,27
424,"","19 CRIMES Snoop Cali Rose S1",1,0,19.99,0,11.57,42
425,"","KIRIN ICHIBAN S6",1,0,26.99,0,16.17,40
426,"","HARD RATED Zero C24",1,0,124.99,0,3.94,97
427,"","DIMPLE 12YO 700ML",1,0,66.99,0,50.42,25
428,"","BOMBAY G&T Double Serve 10% C4",1,0,43.99,0,26.01,41
429,"","PETER LEHMANN Cab Sauv S1",1,0,25.99,0,15.48,40
430,"","TAYLORS Promised Land Cab Sauv S1",1,0,20.99,0,9.45,55
431,"","MILLERS Draft S24",1,0,60.99,0,2.43,96
432,"","BUNDABERG Ginger beer S4",1,0,12,0,6.59,45
433,"","CRUISER Wild Raspberry S24",1,0,113.99,0,3.76,97
434,"","J/SQUIRE Ginger Beer MIDDY",1,0,9.5,0,2.42,74
435,"","BALTER CERVEZA S6",1,0,20.99,0,12.73,39
436,"","J/SQUIRE Dbl Ginger Beer 6% C4",1,0,29.99,0,18.2,39
437,"","PERONI NASTRO S24",1,0,72.99,0,2.95,96
438,"","150 Lashes JUG",1,0,28,0,12.26,56
439,"","BULLEIT & Cola 6% C4",1,0,29.99,0,20,33
440,"","GORDONS Lemon nip",1,0,12.5,0,2,84
441,"","SMITHBROOK White Blend S1",1,0,15.99,0,10.25,36
442,"","HARD RATED Orange C1",1,0,8.99,0,2,78
443,"","HAHN 3.5 MIDDY",1,0,7,0,1.5,79
444,"","TRAVLA C6",1,0,23.99,0,15.54,35
445,"","GAGE ROADS Side Track C6",1,0,28.99,0,16.83,42
446,"","WALKING BIRDS Sauv Blanc S1",1,0,15.99,0,7.2,55
447,"","JIM BEAM & Cola 4.8% Zero C6",1,0,35.99,0,3.99,89
448,"","BULLEIT Bourbon 700Ml",1,0,67.99,0,54.45,20
449,"","CRUISER DBL Raspberry 6.8% C24",1,0,144.99,0,5.02,97
450,"","TAYLORS Jaraman Pinot Noir S1",1,0,35.99,0,19.8,45
451,"","VASSE FELIX Classic Dry Red S1",1,0,20.99,0,13.06,38
452,"","BALLANTINES 700ML",1,0,56.99,0,42.83,25
453,"","VB C10",1,0,35.99,0,23.37,35
454,"","JIM BEAM Rye 40% 700ML",1,0,65.99,0,52.9,20
455,"","J/DANIELS & Cola S4",1,0,29.99,0,18.92,37
456,"","PEPPERJACK Red Blend S1",1,0,18.99,0,14.74,22
457,"","GALLIANO Vanilla 700ML",1,0,64.99,0,54.47,16
458,"","HARD RATED C1",1,0,8.99,0,3.92,56
459,"","CAPT MORGAN Spiced Gold 700Ml",1,0,48.99,0,43.74,11
460,"","SKREWBALL P/BUTTER WHISKY 750ML",1,0,65.99,0,46.13,30
461,"","PERONI NASTRO 3.5 S24",1,0,66.99,0,2.15,97
462,"","VASSE FELIX Chardonnay S1",1,0,39.99,0,15.65,61
463,"","J/DANIELS & Cola 4.8% C20",1,0,115.99,0,4.51,96
464,"","WILD TURKEY 101 700ML",1,0,78.99,0,62.88,20
465,"","COOPERS Mild S24",1,0,65.99,0,2.18,97
466,"","JACOBS CREEK Moscato S1",1,0,9.99,0,6.46,35
467,"","BABBLING BROOK Sauv Blanc S1",1,0,16.99,0,8.97,47
468,"","150 Lashes SCHOONER",1,0,12,0,3.07,74
469,"","IRON JACK MID C6",1,0,20.99,0,14.29,32
470,"","STRONGBOW Original S6",1,0,19.99,0,12.69,37
471,"","CRUISER Sour Grape S24",1,0,113.99,0,3.76,97
472,"","WOODFORD Reserve Bourbon 700ML",1,0,76.99,0,59.43,23
473,"","FERAL BIGGIE JUICE IPA 375Ml C4",1,0,28.99,0,17.09,41
474,"","GREAT NORTHERN Original C6",1,0,22.99,0,13.75,40
475,"","FIFTH LEG Shiraz S1",1,0,15.99,0,8.69,46
476,"","JAMESON IRISH WHISKY 700ML",1,0,65.99,0,48.61,26
477,"","BUNDY Campfire 6% C1",1,0,9.99,0,4.44,56
478,"","HAHN Ultra Low Carb S6",1,0,23.99,0,13.61,43
479,"","JACOBS CREEK Shiraz S1",1,0,9.99,0,6.46,35
480,"","SOMERSBY Cider Apple S6",1,0,26.99,0,17.65,35
481,"","GRANT BURGE Prosecco S1",1,0,23.99,0,12.89,46
482,"","BUNDY Red & Cola C6",1,0,36.99,0,24.67,33
483,"","SWAN Draught C24",1,0,74.99,0,2.55,97
484,"","OYSTER BAY Chardonnay S1",1,0,18.99,0,13.6,28
485,"","MAGNERS Cider 330ML S4",1,0,20.99,0,9.9,53
486,"","BUDWEISER S24",1,0,76.99,0,2.47,97
487,"","19 CRIMES Cab Sauv S1",1,0,15.99,0,7.82,51
488,"","Heineken SCHOONER",1,0,12,0,3.26,73
489,"","HAHN Super Dry S6",1,0,24.99,0,14.78,41
490,"","19 CRIMES Pinot Noir S1",1,0,15.99,0,7.82,51
491,"","BELVEDERE Vodka 700ML",1,0,79.99,0,61.56,23
492,"","SUNTORY 196 Lemon 6% C10",1,0,51.99,0,39.72,24
493,"","MATSOS Ginger Beer S6",1,0,31.99,0,20.47,36
494,"","TOOHEYS Extra Dry S24",1,0,65.99,0,2.36,96
495,"","J/WALKER Black 1L",1,0,93.99,0,72.91,22
496,"","CHIVAS REGAL 12YO 1L",1,0,83.99,0,75.59,10
497,"","SMIRNOFF CRUSH Orange & Pineapple Can",1,0,14,0,4.63,67
498,"","CRUISER DBL Guava 6.8% Can",1,0,15,0,5.02,67
499,"","J/SQUIRE Ginger Beer C24",1,0,98.99,0,3.5,96
500,"","PERONI NASTRO STUBBY",1,0,11,0,2.95,73
501,"","JIM BEAM & Cola 4.8% Zero C10",1,0,45.99,0,37.99,17
502,"","BAILEYS 1L",1,0,59.99,0,45.58,24
503,"","MIDORI 1L",1,0,68.99,0,56.59,18
504,"","VB S24",1,0,65.99,0,2.69,96
505,"","J/DANIELS & Lemonade C4",1,0,28.99,0,19.67,32
506,"","FERAL BIGGIE JUICE IPA Can",1,0,12,0,4.27,64
507,"","J/DANIELS Apple 700ML",1,0,63.99,0,44.65,30
508,"","JACOBS CREEK Reserve Chardonnay S1",1,0,16.99,0,9.48,44
509,"","GAGE ROADS Single Fin S24",1,0,72.99,0,2.81,96
510,"","BUNDY & Cola Zero 4.6% C1",1,0,7.99,0,4.12,48
511,"","J/SQUIRE Ginger Beer Low Sugar C6",1,0,32.99,0,19.87,40
512,"","SMIRNOFF DB Guarana 250ml C1",1,0,9,0,5.87,35
513,"","UDL SF Mixed Berry C6",1,0,34.99,0,23.54,33
514,"","DE BORTOLI Prosecco Rose S1",1,0,15.99,0,11.78,26
515,"","J/SQUIRE Orchard Crush Stubby",1,0,11,0,4.09,63
516,"","WILD TURKEY & Cola 101 ZERO C1",1,0,10,0,5.76,42
517,"","GORDONS Pink Gin S4",1,0,29.99,0,18.56,38
518,"","BROOKVALE Lem/Lime & Bitters C6",1,0,35.99,0,25.16,30
519,"","JIM BEAM Black E/Aged 700Ml",1,0,67.99,0,44.85,34
520,"","DE BORTOLI W/Peak Pinot Noir S1",1,0,15.99,0,9.45,41
521,"","SAILOR JERRY 700ML",1,0,60.99,0,42.48,30
522,"","ABSOLUT Citron 700ML",1,0,52.99,0,43.82,17
523,"","BUNDY Red & Cola C10",1,0,51.99,0,40.81,21
524,"","YELLOWTAIL Bubbles 750ml S1",1,0,11.99,0,7.24,40
525,"","TAYLORS EST Chardonnay S1",1,0,20.99,0,13.4,36
526,"","Little Creatures ROGERS 330ML S24",1,0,77.99,0,2.59,97
527,"","JIM BEAM & Cola 4.8% CUBE C24",1,0,108.99,0,3.65,97
528,"","JAMESON Dry & Lime 6.3% C1",1,0,9,0,4.82,46
529,"","BULLEIT & Cola 6% C10",1,0,61.99,0,46.85,24
530,"","TAYLORS Promised Land Merlot S1",1,0,20.99,0,9.45,55
531,"","BEACH DAYS Cab Merlot S1",1,0,6.99,0,3.48,50
532,"","KILARNI Barossa Shiraz S1",1,0,16,0,9.26,42
533,"","SUNTORY 196 Grape 6% C4",1,0,28.99,0,18.68,36
534,"","MATSOS Mango S6",1,0,27.99,0,18.05,36
535,"","GREAT NORTHERN Ginger Beer 375ML C24",1,0,109.99,0,3.64,97
536,"","WILD TURKEY & Cola 4.8% C10",1,0,53.99,0,39.28,27
537,"","COUGAR 700ML",1,0,55.99,0,45.77,18
538,"","MALIBU 1L",1,0,50.99,0,44.34,13
539,"","Apple Juice Pint",1,0,6,0,0,100
540,"","COOPERS XPA C6",1,0,26.99,0,16.47,39
541,"","CRUISER Bold Berry Stubby",1,0,13,0,3.76,71
542,"","SHEEP DOG P/BUTTER WHISKY 700ML",1,0,63.99,0,45.78,28
543,"","Little Creatures JUICY XPA C4",1,0,22.99,0,12.92,44
544,"","BUNDY OP & Cola 6% Can",1,0,16,0,5.07,68
545,"","COOPERS STOUT S6",1,0,24.99,0,18.6,26
546,"","GENTLEMAN JACK 1L",1,0,111.99,0,78.87,30
547,"","UDL Orange C6",1,0,34.99,0,23.54,33
548,"","J/SQUIRE Orchard Crush S6",1,0,29.99,0,17.88,40
549,"","COOPERS Pale Ale C24",1,0,72.99,0,2.19,97
550,"","BEACH DAYS Moscato S1",1,0,6.99,0,3.48,50
551,"","GAGE ROADS Side Track C24",1,0,84.99,0,2.81,97
552,"","CAPT MORGAN & Cola 6% C1",1,0,9.99,0,4.92,51
553,"","Mt FRANKLIN 600ml S1",1,0,4,0,0.79,80
554,"","CAN CLUB & Dry PREM 6% C10",1,0,65.99,0,44.32,33
555,"","19 CRIMES Snoop Cali Gold Sparkling S1",1,0,19.99,0,11.57,42
556,"","CAN CLUB & Lemon Crush 4.8% C10",1,0,50.99,0,19.47,62
557,"","TAYLORS EST Cab Sauv S1",1,0,16.99,0,12.28,28
558,"","J/WALKER & Cola 4.6% C10",1,0,69.99,0,41.34,41
559,"","KIRIN HYOKETSU Peach C4",1,0,25,0,16.89,32
560,"","KRAKEN Rum & Dry C4",1,0,30.99,0,21.1,32
561,"","KIRIN HYOKETSU Pineapple C4",1,0,25,0,16.89,32
562,"","STRONGBOW Sweet S24",1,0,58.99,0,2.16,96
563,"","WILD TURKEY & Cola 101 ZERO C4",1,0,33.99,0,24.19,29
564,"","FANTA 1.25L S1",1,0,6.5,0,2.63,60
565,"","SAILOR JERRY nip",1,0,13,0,2.07,84
566,"","JAMESON Raw & Cola 6.3% C4",1,0,29.99,0,21.12,30
567,"","XXXX ULTRA C6",1,0,19.99,0,10.9,45
568,"","CAN CLUB 700ML",1,0,49.99,0,43.19,14
569,"","J/WALKER Black & Cola 6% C10",1,0,68.99,0,50.5,27
570,"","GRANT BURGE 51 Cab Shiraz S1",1,0,15.99,0,8.85,45
571,"","MOUNTAIN GOAT Lager C6",1,0,24.99,0,14.75,41
572,"","JIM BEAM & Cola 4.8% C6",1,0,37.99,0,23.92,37
573,"","BUNDY OP & Cola 6% C10",1,0,59.99,0,43.43,28
574,"","COOPERS XPA C24",1,0,79.99,0,2.75,97
575,"","J/SQUIRE 150 Lashes S6",1,0,24.99,0,14.84,41
576,"","CRUISER Sour Grape S4",1,0,23.99,0,15.03,37
577,"","PETER LEHMANN Shiraz S1",1,0,25.99,0,15.48,40
578,"","HARD RATED C24",1,0,124.99,0,3.94,97
579,"","HARD RATED Orange C10",1,0,49.99,0,19.18,62
580,"","CARLSBERG S6",1,0,20.99,0,15.26,27
581,"","HARD RATED Orange C4",1,0,25.99,0,15.75,39
582,"","Little Creatures PALE ALE C4",1,0,22.99,0,14.76,36
583,"","LINDEMAN'S E/Harvest Chardonnay S1",1,0,16.99,0,10.19,40
584,"","CAN CLUB & Dry 4.8% C1",1,0,7,0,4.25,39
585,"","CAPT MORGAN & Cola 8% C4",1,0,32.99,0,20.74,37
586,"","CARLTON DRY S1",1,0,5.99,0,2.32,61
587,"","JIM BEAM & Cola 4.8% C24",1,0,117.99,0,3.99,97
588,"","CRUISER SF Mixed C10",0,0,0,0,0,0
